1,1001890891,Ramsay,Gordan,2020-04-25,15:00,2 Hours,Maverick,20,Getz,American,BreakFast,Informal,Alcohol,Music,910,1234567890123450,1121,1234,,,,,,,,,,,,
2,1001890891,Ramsay@,Gordan,2020-04-25,15:00,2 Hours,Maverick,20,Getz,American,BreakFast,Informal,Alcohol,Music,910,1234567890123450,1121,1234,Please correct the following errors,Last Name cannot contain special characters,,,,,,,,,,
3,1001890891,Ra,Gordan,2020-04-25,15:00,2 Hours,Maverick,20,Getz,American,BreakFast,Informal,Alcohol,Music,910,1234567890123450,1121,1234,Please correct the following errors,Last name length must be >2 and <30,,,,,,,,,,
4,1001890891,Ram,Gordan,2020-04-25,15:00,2 Hours,Maverick,20,Getz,American,BreakFast,Informal,Alcohol,Music,910,1234567890123450,1121,1234,,,,,,,,,,,,
5,1001890891,Ramsayyyyyyyyyyyyyyyyyyyyyyyyyy,Gordan,2020-04-25,15:00,2 Hours,Maverick,20,Getz,American,BreakFast,Informal,Alcohol,Music,910,1234567890123450,1121,1234,Please correct the following errors,Last name length must be >2 and <30,,,,,,,,,,
6,1001890891,Ramsayhahahahahahahahahahaha,Gordan,2020-04-25,15:00,2 Hours,Maverick,20,Getz,American,BreakFast,Informal,Alcohol,Music,910,1234567890123450,1121,1234,,,,,,,,,,,,
7,1001890891,ramsay,Gordan,2020-04-25,15:00,2 Hours,Maverick,20,Getz,American,BreakFast,Informal,Alcohol,Music,910,1234567890123450,1121,1234,Please correct the following errors,Last Name must start with a capital letter.,,,,,,,,,,
8,1001890891,Ramsay1,Gordan,2020-04-25,15:00,2 Hours,Maverick,20,Getz,American,BreakFast,Informal,Alcohol,Music,910,1234567890123450,1121,1234,Please correct the following errors,Last Name must be non-numeric,,,,,,,,,,
9,1001890891,Ramsay,Ramsay@,2020-04-25,15:00,2 Hours,Maverick,20,Getz,American,BreakFast,Informal,Alcohol,Music,910,1234567890123450,1121,1234,Please correct the following errors,,First Name cannot contain special characters,,,,,,,,,
10,1001890891,Ramsay,Ra,2020-04-25,15:00,2 Hours,Maverick,20,Getz,American,BreakFast,Informal,Alcohol,Music,910,1234567890123450,1121,1234,Please correct the following errors,,First name length must be >2 and <30,,,,,,,,,
11,1001890891,Ramsay,Ram,2020-04-25,15:00,2 Hours,Maverick,20,Getz,American,BreakFast,Informal,Alcohol,Music,910,1234567890123450,1121,1234,,,,,,,,,,,,
12,1001890891,Ramsay,Ramasayhahahahahahahahahahahah,2020-04-25,15:00,2 Hours,Maverick,20,Getz,American,BreakFast,Informal,Alcohol,Music,910,1234567890123450,1121,1234,Please correct the following errors,,First name length must be >2 and <30,,,,,,,,,
13,1001890891,Ramsay,Ramsayhahahahahahahahahahaha,2020-04-25,15:00,2 Hours,Maverick,20,Getz,American,BreakFast,Informal,Alcohol,Music,910,1234567890123450,1121,1234,,,,,,,,,,,,
14,1001890891,Ramsay,ramsay,2020-04-25,15:00,2 Hours,Maverick,20,Getz,American,BreakFast,Informal,Alcohol,Music,910,1234567890123450,1121,1234,Please correct the following errors,,First Name must start with a capital letter.,,,,,,,,,
15,1001890891,Ramsay,Ramsay1,2020-04-25,15:00,2 Hours,Maverick,20,Getz,American,BreakFast,Informal,Alcohol,Music,910,1234567890123450,1121,1234,Please correct the following errors,,First Name must be non-numeric,,,,,,,,,
16,1001890891,Ramsay,Gordan,2019-04-25,15:00,2 Hours,Maverick,20,Getz,American,BreakFast,Informal,Alcohol,Music,910,1234567890123450,1121,1234,Please correct the following errors,,,Date must not be in past,,,,,,,,
17,1001890891,Ramsay,Gordan,2020-03-24,15:00,2 Hours,Maverick,20,Getz,American,BreakFast,Informal,Alcohol,Music,910,1234567890123450,1121,1234,Please correct the following errors,,,Date must not be in past,,,,,,,,
18,1001890891,Ramsay,Gordan,2020-02-26,15:00,2 Hours,Maverick,20,Getz,American,BreakFast,Informal,Alcohol,Music,910,1234567890123450,1121,1234,Please correct the following errors,,,Date must not be in past,,,,,,,,
19,1001890891,Ramsay,Gordan,2020-04-20,15:00,2 Hours,Maverick,20,Getz,American,BreakFast,Informal,Alcohol,Music,910,1234567890123450,1121,1234,Please correct the following errors,,,Selected date already has 2 events,,,,,,,,
20,1001890891,Ramsay,Gordan,2020-04-01,15:00,2 Hours,Maverick,20,Getz,American,BreakFast,Informal,Alcohol,Music,910,1234567890123450,1121,1234,Please correct the following errors,,,Selected date already has 5 events in this week,,,,,,,,
21,1001890891,Ramsay,Gordan,2020-04-22,6:00,2 Hours,Maverick,20,Getz,American,BreakFast,Informal,Alcohol,Music,910,1234567890123450,1121,1234,Please correct the following errors,,,,,Duration cannot exceed close time,,,,,,
22,1001890891,Ramsay,Gordan,2020-04-22,7:00,2 Hours,Maverick,20,Getz,American,BreakFast,Informal,Alcohol,Music,910,1234567890123450,1121,1234,,,,,,,,,,,,
23,1001890891,Ramsay,Gordan,2020-04-22,21:00,2 Hours,Maverick,20,Getz,American,BreakFast,Informal,Alcohol,Music,910,1234567890123450,1121,1234,,,,,,,,,,,,
24,1001890891,Ramsay,Gordan,2020-04-22,22:00,2 Hours,Maverick,20,Getz,American,BreakFast,Informal,Alcohol,Music,910,1234567890123450,1121,1234,Please correct the following errors,,,,,Duration cannot exceed close time,,,,,,
25,1001890891,Ramsay,Gordan,2020-04-26,11:00,2 Hours,Maverick,20,Getz,American,BreakFast,Informal,Alcohol,Music,910,1234567890123450,1121,1234,Please correct the following errors,,,,,Duration cannot exceed close time,,,,,,
26,1001890891,Ramsay,Gordan,2020-04-26,12:00,2 Hours,Maverick,20,Getz,American,BreakFast,Informal,Alcohol,Music,910,1234567890123450,1121,1234,,,,,,,,,,,,
27,1001890891,Ramsay,Gordan,2020-04-25,15:00,2 Hours,Maverick,101,Getz,American,BreakFast,Informal,Alcohol,Music,910,1234567890123450,1121,1234,Please correct the following errors,,,,,,Chosen hall too small,Estimated Attendees must be <=100,,,,
28,1001890891,Ramsay,Gordan,2020-04-25,15:00,2 Hours,Maverick,99,Getz,American,BreakFast,Informal,Alcohol,Music,2727,1234567890123450,1121,1234,,,,,,,,,,,,
29,1001890891,Ramsay,Gordan,2020-04-25,15:00,2 Hours,Maverick,100,Getz,American,BreakFast,Informal,Alcohol,Music,2750,1234567890123450,1121,1234,,,,,,,,,,,,
30,1001890891,Ramsay,Gordan,2020-04-25,15:00,2 Hours,KC,26,Getz,American,BreakFast,Informal,Alcohol,Music,910,1234567890123450,1121,1234,Please correct the following errors,,,,,,Chosen hall too small,,,,,
31,1001890891,Ramsay,Gordan,2020-04-25,15:00,2 Hours,KC,25,Getz,American,BreakFast,Informal,Alcohol,Music,725,1234567890123450,1121,1234,,,,,,,,,,,,
32,1001890891,Ramsay,Gordan,2020-04-25,15:00,2 Hours,KC,24,Getz,American,BreakFast,Informal,Alcohol,Music,702,1234567890123450,1121,1234,,,,,,,,,,,,
33,1001890891,Ramsay,Gordan,2020-04-25,15:00,2 Hours,Arlington,51,Getz,American,BreakFast,Informal,Alcohol,Music,910,1234567890123450,1121,1234,Please correct the following errors,,,,,,Chosen hall too small,,,,,
34,1001890891,Ramsay,Gordan,2020-04-25,15:00,2 Hours,Arlington,50,Getz,American,BreakFast,Informal,Alcohol,Music,1400,1234567890123450,1121,1234,,,,,,,,,,,,
35,1001890891,Ramsay,Gordan,2020-04-25,15:00,2 Hours,Arlington,49,Getz,American,BreakFast,Informal,Alcohol,Music,1377,1234567890123450,1121,1234,,,,,,,,,,,,
36,1001890891,Ramsay,Gordan,2020-04-25,15:00,2 Hours,Shard,26,Getz,American,BreakFast,Informal,Alcohol,Music,910,1234567890123450,1121,1234,Please correct the following errors,,,,,,Chosen hall too small,,,,,
37,1001890891,Ramsay,Gordan,2020-04-25,15:00,2 Hours,Shard,25,Getz,American,BreakFast,Informal,Alcohol,Music,725,1234567890123450,1121,1234,,,,,,,,,,,,
38,1001890891,Ramsay,Gordan,2020-04-25,15:00,2 Hours,Shard,24,Getz,American,BreakFast,Informal,Alcohol,Music,702,1234567890123450,1121,1234,,,,,,,,,,,,
39,1001890891,Ramsay,Gordan,2020-04-25,15:00,2 Hours,Liberty,76,Getz,American,BreakFast,Informal,Alcohol,Music,910,1234567890123450,1121,1234,Please correct the following errors,,,,,,Chosen hall too small,,,,,
40,1001890891,Ramsay,Gordan,2020-04-25,15:00,2 Hours,Liberty,75,Getz,American,BreakFast,Informal,Alcohol,Music,2075,1234567890123450,1121,1234,,,,,,,,,,,,
41,1001890891,Ramsay,Gordan,2020-04-25,15:00,2 Hours,Liberty,74,Getz,American,BreakFast,Informal,Alcohol,Music,2052,1234567890123450,1121,1234,,,,,,,,,,,,
42,1001890891,Ramsay,Gordan,2020-04-25,15:00,2 Hours,Maverick,,Getz,American,BreakFast,Informal,Alcohol,Music,910,1234567890123450,1121,1234,Please correct the following errors,,,,,,,Cannot be empty,,,,
43,1001890891,Ramsay,Gordan,2020-04-25,15:00,2 Hours,Maverick,0,Getz,American,BreakFast,Informal,Alcohol,Music,910,1234567890123450,1121,1234,Please correct the following errors,,,,,,,Estimated Attendees must be greater than 0,,,,
44,1001890891,Ramsay,Gordan,2020-04-25,15:00,2 Hours,Maverick,hk,Getz,American,BreakFast,Informal,Alcohol,Music,910,1234567890123450,1121,1234,Please correct the following errors,,,,,,,Estimated Attendees must be numeric,,,,
45,1001890891,Ramsay,Gordan,2020-04-25,15:00,2 Hours,Maverick,20,,American,BreakFast,Informal,Alcohol,Music,910,1234567890123450,1121,1234,Please correct the following errors,,,,,,,,Cannot be null,,,
46,1001890891,Ramsay,Gordan,2020-04-25,15:00,2 Hours,Maverick,20,ge,American,BreakFast,Informal,Alcohol,Music,910,1234567890123450,1121,1234,Please correct the following errors,,,,,,,,Your Event Name must between 3 and 30 characters.,,,
47,1001890891,Ramsay,Gordan,2020-04-25,15:00,2 Hours,Maverick,20,gegegegegegegegegegegegegegegee,American,BreakFast,Informal,Alcohol,Music,910,1234567890123450,1121,1234,Please correct the following errors,,,,,,,,Your Event Name must between 3 and 30 characters.,,,
48,1001890891,Ramsay,Gordan,2020-04-25,15:00,2 Hours,Maverick,20,get,American,BreakFast,Informal,Alcohol,Music,910,1234567890123450,1121,1234,Please correct the following errors,,,,,,,,Your Event Name must start with a capital letter.,,,
49,1001890891,Ramsay,Gordan,2020-04-25,15:00,2 Hours,Maverick,20,123,American,BreakFast,Informal,Alcohol,Music,910,1234567890123450,1121,1234,Please correct the following errors,,,,,,,,Cannot be numeric,,,
50,1001890891,Ramsay,Gordan,2020-04-25,15:00,2 Hours,Maverick,20,Getz,American,BreakFast,Informal,Alcohol,Music,910,191919191919191,1121,1234,Please correct the following errors,,,,,,,,,Credit card number must be 16 digits,,
51,1001890891,Ramsay,Gordan,2020-04-25,15:00,2 Hours,Maverick,20,Getz,American,BreakFast,Informal,Alcohol,Music,910,19919191919191900,1121,1234,Please correct the following errors,,,,,,,,,Credit card number must be 16 digits,,
52,1001890891,Ramsay,Gordan,2020-04-25,15:00,2 Hours,Maverick,20,Getz,American,BreakFast,Informal,Alcohol,Music,910,123456789012345a,1121,1234,Please correct the following errors,,,,,,,,,Credit card number must be a number,,
53,1001890891,Ramsay,Gordan,2020-04-25,15:00,2 Hours,Maverick,20,Getz,American,BreakFast,Informal,Alcohol,Music,910,1919191919191910,1121,1234,,,,,,,,,,,,
54,1001890891,Ramsay,Gordan,2020-04-25,15:00,2 Hours,Maverick,20,Getz,American,BreakFast,Informal,Alcohol,Music,910,1234567890123450,102,1234,Please correct the following errors,,,,,,,,,,Credit card exp date must be 4 digits,
55,1001890891,Ramsay,Gordan,2020-04-25,15:00,2 Hours,Maverick,20,Getz,American,BreakFast,Informal,Alcohol,Music,910,1234567890123450,10256,1234,Please correct the following errors,,,,,,,,,,Credit card exp date must be 4 digits,
56,1001890891,Ramsay,Gordan,2020-04-25,15:00,2 Hours,Maverick,20,Getz,American,BreakFast,Informal,Alcohol,Music,910,1234567890123450,1025,1234,,,,,,,,,,,,
57,1001890891,Ramsay,Gordan,2020-04-25,15:00,2 Hours,Maverick,20,Getz,American,BreakFast,Informal,Alcohol,Music,910,1234567890123450,102a,1234,Please correct the following errors,,,,,,,,,,Credit card exp date must be a number,
58,1001890891,Ramsay,Gordan,2020-04-25,15:00,2 Hours,Maverick,20,Getz,American,BreakFast,Informal,Alcohol,Music,910,1234567890123450,1121,102,Please correct the following errors,,,,,,,,,,,Credit card pin must be 4 digits
59,1001890891,Ramsay,Gordan,2020-04-25,15:00,2 Hours,Maverick,20,Getz,American,BreakFast,Informal,Alcohol,Music,910,1234567890123450,1121,11234,Please correct the following errors,,,,,,,,,,,Credit card pin must be 4 digits
60,1001890891,Ramsay,Gordan,2020-04-25,15:00,2 Hours,Maverick,20,Getz,American,BreakFast,Informal,Alcohol,Music,910,1234567890123450,1121,1234,,,,,,,,,,,,
61,1001890891,Ramsay,Gordan,2020-04-25,15:00,2 Hours,Maverick,20,Getz,American,BreakFast,Informal,Alcohol,Music,910,1234567890123450,1121,123a,Please correct the following errors,,,,,,,,,,,Credit card pin must be a number
62,1001890891,Ramsay,Gordan,2020-04-26,23:00,2 Hours,Maverick,20,Getz,American,BreakFast,Informal,Alcohol,Music,910,1234567890123450,1121,1234,,,,,,,,,,,,
63,1001890891,Ramsay,Gordan,2020-04-26,12:00,2 Hours,Maverick,20,Getz,American,BreakFast,Informal,Alcohol,Music,910,1234567890123450,1121,1234,,,,,,,,,,,,
64,1001890891,Ramsay,Gordan,2020-04-25,03:00,4 Hours,Maverick,20,Getz,American,BreakFast,Informal,Alcohol,Music,910,1234567890123450,1121,1234,Please correct the following errors,,,,,Duration cannot exceed close time,,,,,,
65,1001890891,Ramsay,Gordan,2020-04-25,23:00,2 Hours,Maverick,20,Getz,American,BreakFast,Informal,Alcohol,Music,910,1234567890123450,1121,1234,,,,,,,,,,,,
66,1001890891,Ramsay,Gordan,2020-04-25,15:00,2 Hours,Maverick,20,Getz,American,BreakFast,formal,Alcohol,Music,990,1234567890123450,1121,1234,,,,,,,,,,,,
67,1001890891,Ramsay,Gordan,2020-04-25,15:00,2 Hours,Maverick,20,Getz,American,BreakFast,Informal,Non-Alcohol,Music,610,1234567890123450,1121,1234,,,,,,,,,,,,
68,1001890891,Ramsay,Gordan,2020-04-25,15:00,2 Hours,Maverick,20,Getz,American,BreakFast,Informal,Alcohol,Non-Music,860,1234567890123450,1121,1234,,,,,,,,,,,,